{"cameraMode":{"drawMode":0,"name":"Shaded","section":"Shading Mode"},"sceneLighting":true,"audioPlay":false,"sceneViewState":{"m_AlwaysRefresh":false,"showFog":true,"showSkybox":true,"showFlares":true,"showImageEffects":true,"showParticleSystems":true,"showVisualEffectGraphs":true,"m_FxEnabled":true},"in2DMode":false,"pivot":{"x":113.44609832763672,"y":26.583709716796876,"z":9.498466491699219},"rotation":{"x":0.2246328890323639,"y":0.5542653799057007,"z":-0.15749020874500276,"w":0.7862631678581238},"size":150.23007202148438,"orthographic":false}