{"cameraMode":{"drawMode":0,"name":"Shaded","section":"Shading Mode"},"sceneLighting":true,"audioPlay":false,"sceneViewState":{"m_AlwaysRefresh":false,"showFog":true,"showSkybox":true,"showFlares":true,"showImageEffects":true,"showParticleSystems":true,"showVisualEffectGraphs":true,"m_FxEnabled":true},"in2DMode":false,"pivot":{"x":12.826634407043457,"y":0.16660118103027345,"z":-6.963015079498291},"rotation":{"x":-0.2911820709705353,"y":0.7072049379348755,"z":-0.42719918489456179,"w":-0.48236289620399477},"size":15.738875389099121,"orthographic":false}