{"cameraMode":{"drawMode":0,"name":"Shaded","section":"Shading Mode"},"sceneLighting":true,"audioPlay":false,"sceneViewState":{"m_AlwaysRefresh":false,"showFog":true,"showSkybox":false,"showFlares":true,"showImageEffects":true,"showParticleSystems":true,"showVisualEffectGraphs":true,"m_FxEnabled":true},"in2DMode":false,"pivot":{"x":-2.482012987136841,"y":7.576445579528809,"z":2.0530049800872804},"rotation":{"x":0.004695562645792961,"y":0.9952115416526794,"z":-0.07659248262643814,"w":0.06126907467842102},"size":3.8797109127044679,"orthographic":false}